<?xml version="1.0" encoding="UTF-8"?>
<!DOCTYPE hibernate-configuration PUBLIC
        "-//Hibernate/Hibernate Configuration DTD 3.0//EN"
        "http://www.hibernate.org/dtd/hibernate-configuration-3.0.dtd">
<hibernate-configuration>
    <session-factory> 
        <property name="hibernate.connection.driver_class">oracle.jdbc.driver.OracleDriver</property>
        <property name="hibernate.connection.url">jdbc:oracle:thin:@UORC398N.DEV.BSCAL.LOCAL:12521:FACN51A</property>
        <property name="hibernate.connection.username">syplambh01</property>
        <property name="hibernate.connection.password">Gods@Grace2332151</property>
        <property name="hibernate.connection.pool_size">10</property>
        <property name="hibernate.current_session_context_class">thread</property>
        <property name="hibernate.show_sql">true</property>
        <property name="hibernate.dialect">org.hibernate.dialect.Oracle10gDialect</property>
		<property name="hbm2ddl.auto">update</property>

        <!-- <mapping resource="book.hbm.xml" /> -->
        

         
   
    </session-factory>
</hibernate-configuration>